ProductCode,ProductNameTH
10000600,เอ็ม-150 ไฮ วิตามินบี12 150มล. 1x5x10
10000690,เอ็ม-150 มีบี12 สองเท่า 150มล. 1x5x10
10000378,เอ็ม-150 วิตามิน บี6 บี12 150 มล. 1x5x10
10000399,ลิโพวิตัน-ดี ฉลากใหม่ 100มล. 1x5x10
10000512,ลิโพวิตัน-ดี 100มล 1X5X10
10000627,ซี-วิท เลมอน 10ปี 140มล 1x3x10
10000628,ซี-วิท ออเร้นจ์ 10ปี 140มล 1x3x10
10000629,ซี-วิท ทับทิม 10ปี 140มล 1x3x10
10000245,โสม อิน-ซัม น้ำตาลน้อย 100 มล. (1x5x10)
10000376,ฉลาม กระชายดำ 100ML 1x5x10 CO
10000359,โสมอินซัม พลัสเห็ดหลินจือ 100มล 1x5x10
10000480,ฉลาม กระชายดำ 100ML 1x5x10
10000504,โสมอินซัม น้ำตาล 6% 100 มล.(1x5x10)
10000519,เอ็ม-150  กระชายดำ LT 100มล. 1x5x10
10000578,ยันฮี วิตามิน วอเตอร์ 460ML 1x12
10000586,เอ็ม-150  กระชายดำ BK 100มล. 1x5x10
10000640,ลิโพวิตัน-ดี ราฟเฟิล2022 100มล 1X5X10
10000648,เอ็ม-150 เทอร์ปีน 150มล. 1x5x10
10000430,ฉลามขาว วิตามินซี BOTTLE 150ML 1x5x10
10000642,ลิโพ-ไฟน์ ราฟเฟิล2022 100มล 1X5X10
10000302,เอ็ม-150 กระชายดำ น้ำผึ้ง 150 มล. 1X5X10 VM
10000624,ซี-วิท เลมอน 0% น้ำตาล 140 มล. 1x3x10
10000535,ซี-วิต ทับทิม กล่องใหม่ 140มล 1x3x10
10000603,ซี-วิท ออเร้นจ์ 140 มล. 1x3x10
10000604,ซี-วิท ทับทิม 140 มล. 1x3x10
10000401,ซี-วิต ออเร้นจ์ สติ๊กเกอร์ 140มล(1x3x10)
10000533,ซี-วิต เลมอน กล่องใหม่ 140มล 1x3x10
10000534,ซี-วิต ออเร้นจ์ กล่องใหม่ 140มล 1x3x10
10000602,ซี-วิท เลมอน 140 มล. 1x3x10
10000548,ลิโพ-ไฟน์ 100มล 1X5X10
20001730,เบบี้มายด์แป้ง สวีทตี้พิงค์ 50ก. (1x8x6)
10000482,เอ็ม-สตอร์ม 150 มล 1X5X10
10000647,ยันฮี น้ำกัญชา 460มล 1x12
10000477,เปปทีน4000 BT 100ML 1x4x6 INNER SBM
10000186,เอ็มเกลือแร่ 250มล. ขาว (1x24)
10000420,คาลพิส ออริจินัล 300 มล. 1x4x6 SBM
20001726,ทเวลฟ์ พลัส ไวท์เทนนิ่ง พลัส โรลออน ดับเบิล ไวท์ ชมพู 25มล. 2ฟรี1 (1X8)
10000479,เปปทีน พลัส BT 100ML 1x4x6 INNER SBM
20001338,เบบี้มายด์แป้ง สวีทตี้พิงค์ 50ก. (6+2) 1X8
10000643,ลิโพ-พลัส ราฟเฟิล2022 150มล 1x5x10
10000697,คารามูโจ้หยัก ฮ๊อตชิลลี่ 18 กรัม 1x6x6
10000424,คาลพิส กลิ่นองุ่นเคียวโฮ 300มล.1x4x6 SBM
10000719,เอ็ม-150 น้ำผึ้ง 10 บาท 150มล. 1x5x10
10000331,ลิโพ-พลัส สูตร LESS SUGAR 150 มล. 1x5x10
10000622,ซี-วิท วิตามิน เลมอน 125มล. 1x9x4
10000633,เปปทีน พลัส BT 100ML 1X4X6 INNER BL
10000308,ซี-วิต วิตามินออเร้นจ์ 125มล. 1x9x4
10000579,ยันฮี วิตามิน วอเตอร์ 750ML 1x12
10000696,คารามูโจ้เรียบ ฮอตชิลลี่ 18 กรัม 1x6x6
10000631,เปปทีน4000 BT 100ML 1x4x6 INNER BL
10000587,ลิโพ-พลัส น้ำตาลน้อยกว่า 150 มล. 1x5x10
10000623,ซี-วิท วิตามิน ออเร้นจ์ 125มล. 1x9x4
20000002,BMแป้ง สวีทตี้พิงค์50ก.ใหม่(1x8x6)
10000478,เปปทีน พลัส BT 100ML 1x4x6 SHRINK SBM
10000205,คาลพิส ออริจินัล น้ำตาลน้อย 300มล 1x4x6
20000480,TPP แป้งน้ำหอม พิงค์ 50G (ชมพู)(1X8X6)
10000307,ซี-วิต วิตามินเลมอน 125มล. 1x9x4
10000570,เปปทีน พลัส BT 100ML 1x4x6 SHRINK BAR
10000596,ซี-วิท พลัส คอลลาเจน 140 มล. 1x3x10
10000521,เปปทีน4000 100 มล. 1X4x6 INNER BOX
10000213,คาลพิส โซดา ออริจินัลน้ำตาลน้อย245มล1X4X6
10000718,คาลพิส โซดา ซากูระ พีช 245มล.
10000597,ซี-วิท พลัส ไฟเบอร์ 140 มล. 1x3x10
10000389,เอ็ม-150 วิตามิน บี6 บี12 150 มล. 1x5x10 VM
10000204,คาลพิส ออริจินัล น้ำตาลน้อย 300มล 1x24
CM10007,ฝา M-150
10000439,เอ็มเกลือแร่ โอลิมปิก 250มล เหลือง(1x24)
10000476,เปปทีน4000 BT 100ML 1x4x6 SHRINK SBM
10000419,คาลพิส ออริจินัล 300 มล. 1x24 SBM
10000466,ซี-วิต ออเร้นจ์ เยลลี่ 150 กรัม 1x36
10000377,เอ็ม-สตอร์ม 150 มล 1X5X10 CO
20000685,TPPเอ็กซ์ตร้าคูลลิ่ง50ก+20%ชมพู(12+1)1X4
10000538,คาลพิส โซดา ออริจินัลน้ำตาลน้อย245มล1X24
20000451,BMแป้ง ซากุระ 50ก. (1x8x6)
10000464,ซี-วิต เลมอน เยลลี่ 150 กรัม 1x36
10000524,คาลพิส แลคโตะ มินิ ออริจินัล 140มล 1X4X8
10000573,คาลพิส เมเปิ้ลไซรัป 300มล 1X24
10000523,เปปทีน พลัส 100 มล. 1X4x6 INNER BOX
10000250,ฉลาม ใหม่ 150 มล. 1x5x10
10000280,เปปทีน พลัส BT 100ml 1x4x6
10000699,สคอร์น ซุปข้าวโพด 33 กรัม 1x6x6
10000698,สคอร์น ฮ๊อตชิลลี่ 33 กรัม 1x6x6
10000445,ฉลาม กระชายดำ 100 มล.1x5x10 No Sub
10000395,คาลพิส ออริจินัล 140มล 1x5x6 NEW TIEHI
10000312,คาลพิส โซดา ซากูระ พีช 245มล.
10000522,เปปทีน พลัส 100 มล. 1X4x6 SHRINK
10000465,ซี-วิต เลมอน เยลลี่ 150 กรัม 1X9X4
10000613,เอ็ม-150 วิตามินบี6บี12 150มล 1x5x10 BAR
10000423,คาลพิส กลิ่นองุ่นเคียวโฮ 300 มล.1x24 SBM
10000525,คาลพิส มินิ มิกซ์เบอร์รี่ 140มล 1X4X8
10000467,ซี-วิต ออเร้นจ์ เยลลี่ 150 กรัม 1X9X4
10000418,สลิมม่า มิกซ์ฟรุต ดริ๊งค์ BT 100มล.1X4X6
10000187,เอ็มเกลือแร่ พลัส 250มล. เหลือง (1x24)
10000347,คาลพิส โซดา องุ่นเคียวโฮ 245 มล 1x4x6
10000425,คาลพิส มินิ ออริจินัล 140มล 1x4x6 SBM
10000426,คาลพิส มินิ มิกซ์เบอร์ 140มล 1x4x6 SBM
10000539,คาลพิส โซดาออริจินัลน้ำตาลน้อย245มล1X4X6
10000565,เอ็มเกลือแร่ 250มล ขาว 1x24
10000566,เอ็มเกลือแร่ 250มล เหลือง 1x24
10000571,คาลพิส โซดา ยูสุ ฮันนี่ 245มล 1X4X6
10000628,ซี-วิท ออเร้นจ์ 10ปี 140มล 1x3x10
10000629,ซี-วิท ทับทิม 10ปี 140มล 1x3x10
10000640,ลิโพวิตัน-ดี ราฟเฟิล2022 100มล 1X5X10
10000648,เอ็ม-150 เทอร์ปีน 150มล. 1x5x10
10000650,คารามูโจ้แผ่นเรียบ รสฮ๊อตชิลลี่ 48 กรัม 1x6x4
10000651,คารามูโจ้แผ่นหยัก รสฮ๊อตชิลลี่ 48 กรัม 1x6x4
10000425,คาลพิส มินิ ออริจินัล 140มล 1x4x6 SBM
10000578,ยันฮี วิตามิน วอเตอร์ 460ML 1x12
10000245,โสม อิน-ซัม น้ำตาลน้อย 100 มล. (1x5x10)
10000376,ฉลาม กระชายดำ 100ML 1x5x10 CO
10000302,เอ็ม-150 กระชายดำ น้ำผึ้ง 150 มล. 1X5X10 VM
10000359,โสมอินซัม พลัสเห็ดหลินจือ 100มล 1x5x10
10000480,ฉลาม กระชายดำ 100ML 1x5x10
10000504,โสมอินซัม น้ำตาล 6% 100 มล.(1x5x10)
10000519,เอ็ม-150  กระชายดำ LT 100มล. 1x5x10
10000586,เอ็ม-150  กระชายดำ BK 100มล. 1x5x10
10000439,เอ็มเกลือแร่ โอลิมปิก 250มล เหลือง(1x24)
10000420,คาลพิส ออริจินัล 300 มล. 1x4x6 SBM
10000186,เอ็มเกลือแร่ 250มล. ขาว (1x24)
10000524,คาลพิส แลคโตะ มินิ ออริจินัล 140มล 1X4X8
10000438,เอ็มเกลือแร่ โอลิมปิก 250มล ขาว (1x24)
10000187,เอ็มเกลือแร่ พลัส 250มล. เหลือง (1x24)
10000426,คาลพิส มินิ มิกซ์เบอร์ 140มล 1x4x6 SBM
10000565,เอ็มเกลือแร่ 250มล ขาว 1x24
10000566,เอ็มเกลือแร่ 250มล เหลือง 1x24
10000690,เอ็ม-150 มีบี12 สองเท่า 150มล. 1x5x10
10000378,เอ็ม-150 วิตามิน บี6 บี12 150 มล. 1x5x10
10000399,ลิโพวิตัน-ดี ฉลากใหม่ 100มล. 1x5x10
10000512,ลิโพวิตัน-ดี 100มล 1X5X10
10000600,เอ็ม-150 ไฮ วิตามินบี12 150มล. 1x5x10
10000535,ซี-วิต ทับทิม กล่องใหม่ 140มล 1x3x10
10000533,ซี-วิต เลมอน กล่องใหม่ 140มล 1x3x10
10000624,ซี-วิท เลมอน 0% น้ำตาล 140 มล. 1x3x10
10000401,ซี-วิต ออเร้นจ์ สติ๊กเกอร์ 140มล(1x3x10)
10000602,ซี-วิท เลมอน 140 มล. 1x3x10
10000603,ซี-วิท ออเร้นจ์ 140 มล. 1x3x10
10000604,ซี-วิท ทับทิม 140 มล. 1x3x10
10000627,ซี-วิท เลมอน 10ปี 140มล 1x3x10
10000534,ซี-วิต ออเร้นจ์ กล่องใหม่ 140มล 1x3x10
10000301,เอ็ม-150 กระชายดำ น้ำผึ้ง 100 มล. 1X5X10
10000445,ฉลาม กระชายดำ 100 มล.1x5x10 No Sub
10000525,คาลพิส มินิ มิกซ์เบอร์รี่ 140มล 1X4X8
10000430,ฉลามขาว วิตามินซี BOTTLE 150ML 1x5x10
10000642,ลิโพ-ไฟน์ ราฟเฟิล2022 100มล 1X5X10
10000552,คาลพิส ออริจินัล โปรโมชั่น 300มล 1X4X6
10000396,คาลพิส มิกซ์เบอร์รี่ 140มล1x5x6NEWTIEHI
10000650,คารามูโจ้แผ่นเรียบ รสฮ๊อตชิลลี่ 48 กรัม 1x6x4
10000651,คารามูโจ้แผ่นหยัก รสฮ๊อตชิลลี่ 48 กรัม 1x6x4
10000567,เอ็ม-150 กระชายดำ (เสือ) 150มล. 1x5x10
20000489,TPP แป้งน้ำหอม พิงค์50G+30%(ชมพู)(1X8X6)
10000373,เปปทีน4000 BT 100ML 1x4x6 SHRINK CO
10000353,ชาร์ค ซีโร่ ชูการ์ 250มล. 1x4x6
10000539,คาลพิส โซดาออริจินัลน้ำตาลน้อย245มล1X4X6
10000571,คาลพิส โซดา ยูสุ ฮันนี่ 245มล 1X4X6
10000213,คาลพิส โซดา ออริจินัลน้ำตาลน้อย245มล1X4X6
10000538,คาลพิส โซดา ออริจินัลน้ำตาลน้อย245มล1X24
10000718,คาลพิส โซดา ซากูระ พีช 245มล.
10000552,คาลพิส ออริจินัล โปรโมชั่น 300มล 1X4X6
10000347,คาลพิส โซดา องุ่นเคียวโฮ 245 มล 1x4x6
10000653,คารามูโจ้สตรองหยักฮอตชิลลี่ 44 กรัม 1x24
10000396,คาลพิส มิกซ์เบอร์รี่ 140มล1x5x6NEWTIEHI
10000312,คาลพิส โซดา ซากูระ พีช 245มล.
10000235,ฉลาม กระชายดำ 100 มล. (1x5x10)
10000250,ฉลาม ใหม่ 150 มล. 1x5x10
10000719,เอ็ม-150 น้ำผึ้ง 10 บาท 150มล. 1x5x10
10000400,ซี-วิต เลมอน สติ๊กเกอร์ 140มล(1x3x10)
10000419,คาลพิส ออริจินัล 300 มล. 1x24 SBM
10000205,คาลพิส ออริจินัล น้ำตาลน้อย 300มล 1x4x6
10000546,ซี-วิท พลัส คอลลาเจน 140 มล. 1x3x10
10000613,เอ็ม-150 วิตามินบี6บี12 150มล 1x5x10 BAR
10000547,ซี-วิท พลัส ไฟเบอร์ 140 มล. 1x3x10
10000417,สลิมม่า แอปเปิล ดริ๊งค์ BT 100มล.1X4X6
10000438,เอ็มเกลือแร่ โอลิมปิก 250มล ขาว (1x24)
10000400,ซี-วิต เลมอน สติ๊กเกอร์ 140มล(1x3x10)
10000444,เปปทีน พลัส 100 มล. 1X4x6 INNER BOX
10000653,คารามูโจ้สตรองหยักฮอตชิลลี่ 44 กรัม 1x24
10000301,เอ็ม-150 กระชายดำ น้ำผึ้ง 100 มล. 1X5X10
10000389,เอ็ม-150 วิตามิน บี6 บี12 150 มล. 1x5x10 VM
10000402,ซี-วิต ทับทิม สติ๊กเกอร์ 140มล(1x3x10)
10000442,เปปทีน 4000 100 มล. 1x4x6 IINNER BOX
10000548,ลิโพ-ไฟน์ 100มล 1X5X10
10000477,เปปทีน4000 BT 100ML 1x4x6 INNER SBM
10000482,เอ็ม-สตอร์ม 150 มล 1X5X10
10000647,ยันฮี น้ำกัญชา 460มล 1x12
10000697,คารามูโจ้หยัก ฮ๊อตชิลลี่ 18 กรัม 1x6x6
10000479,เปปทีน พลัส BT 100ML 1x4x6 INNER SBM
20001726,ทเวลฟ์ พลัส ไวท์เทนนิ่ง พลัส โรลออน ดับเบิล ไวท์ ชมพู 25มล. 2ฟรี1 (1X8)
20001730,เบบี้มายด์แป้ง สวีทตี้พิงค์ 50ก. (1x8x6)
10000587,ลิโพ-พลัส น้ำตาลน้อยกว่า 150 มล. 1x5x10
10000579,ยันฮี วิตามิน วอเตอร์ 750ML 1x12
10000696,คารามูโจ้เรียบ ฮอตชิลลี่ 18 กรัม 1x6x6
10000623,ซี-วิท วิตามิน ออเร้นจ์ 125มล. 1x9x4
20001338,เบบี้มายด์แป้ง สวีทตี้พิงค์ 50ก. (6+2) 1X8
10000622,ซี-วิท วิตามิน เลมอน 125มล. 1x9x4
10000570,เปปทีน พลัส BT 100ML 1x4x6 SHRINK BAR
10000296,ชาร์ค ซีโร่ ชูการ์ 250มล. 1x24
10000377,เอ็ม-สตอร์ม 150 มล 1X5X10 CO
20000002,BMแป้ง สวีทตี้พิงค์50ก.ใหม่(1x8x6)
20000480,TPP แป้งน้ำหอม พิงค์ 50G (ชมพู)(1X8X6)
10000521,เปปทีน4000 100 มล. 1X4x6 INNER BOX
10000204,คาลพิส ออริจินัล น้ำตาลน้อย 300มล 1x24
10000631,เปปทีน4000 BT 100ML 1x4x6 INNER BL
10000698,สคอร์น ฮ๊อตชิลลี่ 33 กรัม 1x6x6
10000643,ลิโพ-พลัส ราฟเฟิล2022 150มล 1x5x10
10000308,ซี-วิต วิตามินออเร้นจ์ 125มล. 1x9x4
10000476,เปปทีน4000 BT 100ML 1x4x6 SHRINK SBM
10000307,ซี-วิต วิตามินเลมอน 125มล. 1x9x4
10000478,เปปทีน พลัส BT 100ML 1x4x6 SHRINK SBM
10000424,คาลพิส กลิ่นองุ่นเคียวโฮ 300มล.1x4x6 SBM
10000596,ซี-วิท พลัส คอลลาเจน 140 มล. 1x3x10
10000597,ซี-วิท พลัส ไฟเบอร์ 140 มล. 1x3x10
10000423,คาลพิส กลิ่นองุ่นเคียวโฮ 300 มล.1x24 SBM
10000633,เปปทีน พลัส BT 100ML 1X4X6 INNER BL
10000523,เปปทีน พลัส 100 มล. 1X4x6 INNER BOX
10000280,เปปทีน พลัส BT 100ml 1x4x6
10000331,ลิโพ-พลัส สูตร LESS SUGAR 150 มล. 1x5x10
20000451,BMแป้ง ซากุระ 50ก. (1x8x6)
10000466,ซี-วิต ออเร้นจ์ เยลลี่ 150 กรัม 1x36
10000467,ซี-วิต ออเร้นจ์ เยลลี่ 150 กรัม 1X9X4
20000685,TPPเอ็กซ์ตร้าคูลลิ่ง50ก+20%ชมพู(12+1)1X4
10000417,สลิมม่า แอปเปิล ดริ๊งค์ BT 100มล.1X4X6
10000464,ซี-วิต เลมอน เยลลี่ 150 กรัม 1x36
10000395,คาลพิส ออริจินัล 140มล 1x5x6 NEW TIEHI
10000465,ซี-วิต เลมอน เยลลี่ 150 กรัม 1X9X4
10000327,คาลพิสมิกซ์เบอร์รี่ น้ำตาลน้อยกว่า 140มล
10000567,เอ็ม-150 กระชายดำ (เสือ) 150มล. 1x5x10
10000418,สลิมม่า มิกซ์ฟรุต ดริ๊งค์ BT 100มล.1X4X6
10000522,เปปทีน พลัส 100 มล. 1X4x6 SHRINK
10000442,เปปทีน 4000 100 มล. 1x4x6 IINNER BOX
10000296,ชาร์ค ซีโร่ ชูการ์ 250มล. 1x24
10000310,คาลพิส มิกซ์เบอร์รี่น้ำตาลน้อย140มล1x5x6
10000183,เอ็ม-สตอร์ม กระป๋อง 180 มล. (1x4x6)
10000402,ซี-วิต ทับทิม สติ๊กเกอร์ 140มล(1x3x10)
10000507,เอ็ม-150 ซ่าส์ ออริจินอล 180 มล. 1X24
10000353,ชาร์ค ซีโร่ ชูการ์ 250มล. 1x4x6
10000520,เปปทีน4000 100 มล. 1X4x6 SHRINK
10000443,เปปทีน พลัส 100 มล. 1X4x6 SHRINK
10000337,เปปทีน4000 100 มล.แพ็ค6 (1x4x6) NEWYORK
10000303,ชาร์ค คูลไบท์ 250มล. 1x24 ATHENA
10000520,เปปทีน4000 100 มล. 1X4x6 SHRINK
10000573,คาลพิส เมเปิ้ลไซรัป 300มล 1X24
10000183,เอ็ม-สตอร์ม กระป๋อง 180 มล. (1x4x6)
10000326,คาลพิส ออริจินัล น้ำตาลน้อย 140มล 1x5x6
10000340,คาลพิส โซดา องุ่นเคียวโฮ 245 มล 1x24
10000699,สคอร์น ซุปข้าวโพด 33 กรัม 1x6x6
10000373,เปปทีน4000 BT 100ML 1x4x6 SHRINK CO
